,0,1,2,3,4,5,6,7,8,9,10,11,12,13,14,15,16,17,18,19,20,21,22,23,24,25,26,27,28,29,30,31,32,33,34,35,36,37,38,39,40,41,42,43,44,45,46,47,48,49,50,51,52,53,54,55,56,57,58,59,60,61,62,63,64,65,66,67,68,69,70,71,72,73,74,75,76,77,78,79,80,81,82,83,84,85,86,87,88,89,90,91,92,93,94,95,96,97,98,99,100,101,102,103,104,105,106,107,108,109,110,111,112,113,114,115,116,117,118,119,120,121,122,123,124,125,126,127,128,129,130,131,132,133,134,135,136,137,138,139,140,141,142,143,144,145,146,147,148,149,150,151,152,153,154,155,156,157,158,159,160,161,162,163,164,165,166,167,168,169,170,171,172,173,174,175,176,177,178,179,180,181,182,183,184,185,186,187,188,189,190,191,192,193,194,195,196,197,198,199
0,0.17637270689,0.446606010199,-0.0772512108088,-0.240590825677,0.34774184227,0.192975968122,0.422999531031,0.0293390285224,0.215923920274,-0.265259474516,-0.149059727788,-0.228374749422,-0.053682744503,-0.510374724865,0.11063169688,-0.0701448619366,-0.254637211561,-0.219271346927,-0.342863440514,-0.343796223402,-0.256435930729,0.303249210119,0.572524011135,0.460304796696,-0.0834303870797,-0.30262029171,0.0386675819755,-0.173543781042,0.490112155676,0.0993530154228,0.00218402966857,0.377294838428,-0.421114385128,0.424497365952,-0.281553506851,0.426047623158,0.261141955853,0.166541129351,0.222295671701,-0.513748764992,-0.00870922487229,-0.229882091284,-0.264311432838,0.385937482119,0.128690391779,-0.195642486215,0.267116785049,0.225491508842,0.0865440815687,-0.00814683176577,0.0362586416304,0.0381642244756,0.105755269527,0.0539794825017,-0.220060572028,0.13611741364,0.142955586314,-0.378021508455,-0.275873601437,-0.179865792394,-0.110673308372,-0.141878515482,-0.120803169906,-0.317208647728,-0.277624130249,0.237714007497,-0.251455157995,0.333708554506,0.495558947325,-0.34339812398,-0.0295794960111,0.283286333084,0.0243984740227,0.198163688183,-0.200521156192,0.130081579089,-0.0378727018833,-0.264217227697,0.219598665833,0.360864371061,-0.327090501785,-0.41382458806,-0.295176267624,0.112790599465,-0.104181803763,-0.0859536379576,-0.155416950583,-0.300240516663,0.255353301764,-0.393623888493,-0.535392045975,-0.13279132545,-0.392172932625,0.311785966158,-0.0479430183768,0.471626847982,-0.00385528849438,-0.134113401175,0.0967946872115,-0.13596239686,-0.343167930841,-0.105477891862,-0.0315967835486,-0.144328400493,-0.095704883337,-0.0165194254369,0.183434277773,0.39182177186,0.354512453079,0.251469761133,-0.716020822525,-0.213749289513,0.290637284517,-0.395392388105,0.00738880597055,-0.371929198503,-0.694830000401,0.245047315955,0.00742752384394,0.270784765482,-0.169745460153,0.203874692321,0.0488640926778,0.0991522669792,-0.0598439015448,-0.0646497681737,0.381798177958,0.0938924625516,0.0735632330179,-0.29494792223,-0.044033203274,-0.189491793513,0.371156305075,0.205784216523,-0.579421639442,-0.0303623341024,-0.310115247965,-0.115460693836,0.219911038876,0.299195080996,-0.0713347792625,-0.289759457111,0.0849803835154,0.131866514683,0.439412176609,0.420428991318,-0.409482210875,0.522747218609,-0.120241828263,0.167377963662,0.0320974215865,0.331338524818,0.322285830975,0.0887369513512,0.105361707509,0.397032290697,-0.588767111301,-0.223415374756,-0.0578006245196,-0.346734791994,-0.289205163717,0.0399309024215,-0.483186841011,-0.193704932928,0.0387371890247,0.00441148551181,-0.600355744362,0.35901248455,0.373451024294,0.633430719376,-0.232239410281,0.373909711838,0.0336383357644,-0.0334789082408,0.241249352694,-0.130681693554,-0.20622985065,-0.128417789936,0.235958069563,-0.0801887735724,0.269627988338,-0.116039432585,0.0362873189151,-0.346297770739,-0.161274328828,-0.261387139559,-0.628095090389,-0.027064057067,-0.164485141635,0.360061019659,0.289415806532,-0.24578692019,-0.0978957116604,0.153122141957,0.314621567726,0.14207740128,0.058685734868,-0.200568705797,0.0148873655125,-0.1650916785
1,0.162107899785,0.409557759762,-0.0700634494424,-0.220559328794,0.320028841496,0.176276370883,0.38778975606,0.0270650051534,0.198312044144,-0.244585305452,-0.137662053108,-0.20882409811,-0.0494893826544,-0.468970268965,0.102905102074,-0.0642313733697,-0.234299868345,-0.202927827835,-0.314970731735,-0.316416561604,-0.23468144238,0.279201954603,0.526904463768,0.423080950975,-0.0770234018564,-0.278388649225,0.035931378603,-0.158532619476,0.451253414154,0.090812407434,0.00121927494183,0.345603823662,-0.386852771044,0.390466481447,-0.258582383394,0.392062753439,0.239933058619,0.152687430382,0.204284653068,-0.471013039351,-0.00784481409937,-0.211489617825,-0.243416622281,0.354584127665,0.118054583669,-0.178966030478,0.245081469417,0.207680299878,0.0790215432644,-0.00718580093235,0.0328140445054,0.0359447412193,0.0973148569465,0.0497728064656,-0.201143413782,0.125093460083,0.130584493279,-0.347030371428,-0.252566605806,-0.166944220662,-0.101504653692,-0.130586057901,-0.110769763589,-0.290887087584,-0.254709005356,0.219580933452,-0.23020195961,0.305959314108,0.45496186614,-0.315384179354,-0.0264948792756,0.259306192398,0.0216516442597,0.180587813258,-0.183214262128,0.120521694422,-0.0346737392247,-0.242217391729,0.200212940574,0.331166267395,-0.3006696105,-0.380352079868,-0.270325124264,0.103663861752,-0.0957613438368,-0.0792745575309,-0.142009720206,-0.274749785662,0.23403199017,-0.36116027832,-0.490922480822,-0.121396392584,-0.359854102135,0.285914719105,-0.0447209663689,0.433574408293,-0.00377577426843,-0.124228343368,0.0898113846779,-0.125489681959,-0.316133797169,-0.0979086458683,-0.029509447515,-0.131589144468,-0.0877764895558,-0.0146964648739,0.168215975165,0.359855979681,0.325877577066,0.230444118381,-0.657199859619,-0.195797100663,0.266775071621,-0.362924873829,0.00555291492492,-0.341317087412,-0.636938035488,0.225231707096,0.00743171386421,0.248849838972,-0.155867263675,0.186238989234,0.0445744656026,0.0905235484242,-0.0555778034031,-0.0589840188622,0.350856095552,0.0862390697002,0.0673038065434,-0.270520031452,-0.0411806628108,-0.174519076943,0.34140598774,0.189377576113,-0.532541394234,-0.0280091259629,-0.284129053354,-0.105506055057,0.202693328261,0.275918364525,-0.0671562552452,-0.266382575035,0.0791298151016,0.120160482824,0.403396755457,0.385391145945,-0.374834895134,0.479758650064,-0.111143529415,0.154484510422,0.0296602230519,0.303444951773,0.296206176281,0.0812915936112,0.0968794450164,0.364268571138,-0.540264487267,-0.205282077193,-0.0528641976416,-0.318924576044,-0.265584826469,0.0366360470653,-0.444057792425,-0.178351253271,0.036683563143,0.00450937775895,-0.551689386368,0.329972565174,0.34283003211,0.582036077976,-0.213856786489,0.343937724829,0.0295665059239,-0.0301530379802,0.221978336573,-0.120785936713,-0.189913317561,-0.118511497974,0.215836063027,-0.0732396692038,0.24793471396,-0.106727078557,0.0333744473755,-0.317275851965,-0.149261310697,-0.240097507834,-0.57680773735,-0.0256172567606,-0.150837421417,0.331547737122,0.266004174948,-0.225293725729,-0.0903927832842,0.140736222267,0.289296388626,0.129700571299,0.053076274693,-0.184168308973,0.0152571778744,-0.151725977659
2,0.172774687409,0.439726471901,-0.077836252749,-0.237098768353,0.341565489769,0.190070047975,0.416625738144,0.028742371127,0.212373122573,-0.260187983513,-0.147283732891,-0.225225269794,-0.0529271289706,-0.50327950716,0.108186654747,-0.0692736282945,-0.249965801835,-0.214745804667,-0.336769044399,-0.338282227516,-0.251956313848,0.297991752625,0.561989068985,0.452905595303,-0.0816482529044,-0.29693248868,0.0378192812204,-0.171094208956,0.481197148561,0.0980921313167,0.00242790789343,0.371807515621,-0.413457214832,0.418079763651,-0.276639908552,0.418335318565,0.256595909595,0.163592711091,0.218215182424,-0.506452977657,-0.00984407402575,-0.225454106927,-0.259300619364,0.380102485418,0.126594394445,-0.1924238801,0.262256443501,0.221056461334,0.0852245911956,-0.00858457572758,0.0358502157032,0.0373309031129,0.103908196092,0.0525183342397,-0.217527836561,0.133653104305,0.141157090664,-0.371668130159,-0.271885991096,-0.176114186645,-0.109691657126,-0.139265015721,-0.119593366981,-0.313403218985,-0.273643434048,0.231892764568,-0.24661976099,0.329003721476,0.487976402044,-0.337431281805,-0.0289897378534,0.278919458389,0.0239429324865,0.195140302181,-0.198843702674,0.127952665091,-0.0368182212114,-0.259963095188,0.217565998435,0.355402290821,-0.322541832924,-0.406319081783,-0.290284752846,0.110372029245,-0.102132365108,-0.0847022458911,-0.154234156013,-0.296495318413,0.250930786133,-0.387845516205,-0.526868760586,-0.130866453052,-0.385744899511,0.306810766459,-0.047003082931,0.46323132515,-0.00362292304635,-0.131953895092,0.0946095883846,-0.133592531085,-0.336970627308,-0.102523073554,-0.0313666984439,-0.143240079284,-0.0933616384864,-0.0161866750568,0.179906278849,0.38590952754,0.347932964563,0.247939392924,-0.70451682806,-0.211080595851,0.285419434309,-0.388874620199,0.00814940687269,-0.366333544254,-0.68390005827,0.241206392646,0.00645808503032,0.266482830048,-0.166839450598,0.201731815934,0.0477147735655,0.0973182544112,-0.0589349940419,-0.0645556673408,0.375391602516,0.0918575897813,0.0726141259074,-0.291092216969,-0.0433896519244,-0.186021864414,0.364719033241,0.202916443348,-0.569097161293,-0.030482545495,-0.305687218904,-0.113514661789,0.215988010168,0.29308244586,-0.0698166564107,-0.28469568491,0.0827415436506,0.12947499752,0.432053089142,0.413781881332,-0.403164982796,0.514882683754,-0.117954261601,0.163275167346,0.0316067785025,0.326528221369,0.317134022713,0.087680362165,0.102999411523,0.390702545643,-0.578782737255,-0.220917195082,-0.0570821017027,-0.340177595615,-0.285639345646,0.0401491858065,-0.475021272898,-0.190511405468,0.037405602634,0.00341568863951,-0.589911520481,0.352357983589,0.368652045727,0.622302472591,-0.228573873639,0.366763055325,0.0329937599599,-0.032907422632,0.236688643694,-0.128448903561,-0.201762497425,-0.125824317336,0.232610017061,-0.0789108499885,0.264941900969,-0.113935045898,0.035203576088,-0.341957300901,-0.157389864326,-0.257353723049,-0.618082582951,-0.0254843775183,-0.162998601794,0.3538159132,0.284209698439,-0.241740986705,-0.0962161868811,0.150613695383,0.309038668871,0.140149846673,0.0579074174166,-0.197466745973,0.0137795489281,-0.162254184484
3,0.174013108015,0.442329823971,-0.0783600136638,-0.238314732909,0.342674940825,0.191720426083,0.41859588027,0.028440317139,0.21312572062,-0.261328846216,-0.147666051984,-0.227368488908,-0.0534367412329,-0.505574762821,0.10869076848,-0.0694328472018,-0.250882834196,-0.215764462948,-0.338779866695,-0.339925855398,-0.253649383783,0.299517303705,0.564893484116,0.455537766218,-0.0817446634173,-0.298661619425,0.0378704257309,-0.171963229775,0.482826918364,0.0988173186779,0.00259422371164,0.373800098896,-0.415095031261,0.420288950205,-0.277903169394,0.420721203089,0.257980644703,0.165007576346,0.219120398164,-0.509218931198,-0.0102957384661,-0.226887270808,-0.261041253805,0.382061690092,0.127260252833,-0.19386087358,0.263568550348,0.222344785929,0.0861417874694,-0.00871230009943,0.0364551991224,0.0373883321881,0.103580713272,0.0518692806363,-0.218483239412,0.134199500084,0.141942694783,-0.373780608177,-0.274045139551,-0.177231535316,-0.110702969134,-0.138973653316,-0.120508246124,-0.315220266581,-0.27470010519,0.233118191361,-0.248260185122,0.33077031374,0.490591287613,-0.338903397322,-0.0296641904861,0.280012309551,0.0234564654529,0.196663632989,-0.200635775924,0.128366753459,-0.0367053300142,-0.261361956596,0.218714848161,0.357472628355,-0.323954254389,-0.408133685589,-0.291861385107,0.111306130886,-0.102663852274,-0.085367128253,-0.155158311129,-0.298753976822,0.251951336861,-0.390403240919,-0.52997636795,-0.131291478872,-0.387677103281,0.309034109116,-0.0471349880099,0.464916676283,-0.00326285324991,-0.131984218955,0.0948896333575,-0.13417108357,-0.339261472225,-0.102925390005,-0.0320769250393,-0.144371211529,-0.0936153531075,-0.0161974523216,0.180317744613,0.388213336468,0.34982290864,0.249212652445,-0.708040356636,-0.212817624211,0.2869541049,-0.391057521105,0.00860601756722,-0.367890626192,-0.688094198704,0.242620781064,0.00617331266403,0.267610222101,-0.167718991637,0.203312173486,0.0482636913657,0.0979584008455,-0.0591423436999,-0.0654166340828,0.377063035965,0.092202976346,0.0728530138731,-0.292920172215,-0.0431413538754,-0.18708512187,0.366673350334,0.204017862678,-0.572826564312,-0.0305294245481,-0.307053953409,-0.11426384002,0.216375365853,0.294765740633,-0.0696368739009,-0.286446005106,0.083182439208,0.130561679602,0.434291213751,0.415482014418,-0.405401796103,0.518341839314,-0.118460528553,0.164278358221,0.0312490798533,0.328327685595,0.31897264719,0.0885008722544,0.103349335492,0.393428504467,-0.581695616245,-0.222279533744,-0.0566787831485,-0.342166155577,-0.287879019976,0.0405438877642,-0.478264421225,-0.191475570202,0.0374404788017,0.00352629530244,-0.592874288559,0.354083955288,0.370637476444,0.626147091389,-0.230308175087,0.368115365505,0.0332656726241,-0.033221039921,0.237890809774,-0.128401398659,-0.203207194805,-0.12658432126,0.234106197953,-0.0796218588948,0.26645219326,-0.113580651581,0.0353729687631,-0.343680739403,-0.157648876309,-0.258584469557,-0.62149554491,-0.0263368710876,-0.163707822561,0.355681419373,0.285075157881,-0.243140637875,-0.0970773771405,0.151666536927,0.310185909271,0.14126239717,0.0582486279309,-0.197742506862,0.0135246897116,-0.163120791316
4,0.158837690949,0.405413210392,-0.0725926607847,-0.218324646354,0.314579337835,0.175490245223,0.384176164865,0.0264847129583,0.195155248046,-0.240195095539,-0.135930389166,-0.207842037082,-0.0486276075244,-0.463823825121,0.0999237671494,-0.0636812224984,-0.230167493224,-0.197829216719,-0.311224669218,-0.3116492033,-0.231876432896,0.27533647418,0.518757522106,0.417617172003,-0.0751628801227,-0.274170666933,0.0350926630199,-0.157904177904,0.443157047033,0.090322829783,0.00156844162848,0.343274980783,-0.381272345781,0.385117322206,-0.253957986832,0.385824561119,0.236550450325,0.151323527098,0.20069001615,-0.467241793871,-0.0090050958097,-0.208064123988,-0.239620387554,0.350472003222,0.116442598403,-0.177893683314,0.241261690855,0.204136967659,0.0786786824465,-0.00799423456192,0.0334739759564,0.0340800993145,0.0954029709101,0.0480472259223,-0.200996398926,0.123099602759,0.131101921201,-0.342888921499,-0.251775205135,-0.163089245558,-0.101146310568,-0.127273082733,-0.110665932298,-0.289521098137,-0.252074182034,0.214406445622,-0.22775696218,0.303859740496,0.449928849936,-0.310247153044,-0.0273166391999,0.256233364344,0.0214414130896,0.180483773351,-0.18375685811,0.117654919624,-0.0332138650119,-0.239775985479,0.20107871294,0.3279722929,-0.296793460846,-0.374178916216,-0.267958968878,0.102621354163,-0.0938814431429,-0.0783913657069,-0.142541900277,-0.273484915495,0.231520965695,-0.357785075903,-0.485929757357,-0.120539478958,-0.354773193598,0.283845931292,-0.043767310679,0.427361607552,-0.00307356799021,-0.120974883437,0.0878607183695,-0.123447731137,-0.310504108667,-0.093939460814,-0.0298388991505,-0.132658079267,-0.0857101604342,-0.0143692325801,0.165483042598,0.35656863451,0.32141944766,0.228894323111,-0.649783015251,-0.194909587502,0.262422919273,-0.358262956142,0.00762874120846,-0.337839990854,-0.631418347359,0.222414135933,0.00568426819518,0.245429098606,-0.153248593211,0.186519563198,0.0443064495921,0.0902970656753,-0.0545834377408,-0.0598976053298,0.345521509647,0.0845456495881,0.0673785656691,-0.268573135138,-0.0393137559295,-0.171294301748,0.336068809032,0.187157437205,-0.525512456894,-0.0284031461924,-0.281592309475,-0.104887440801,0.198268443346,0.270345360041,-0.0640699490905,-0.262313604355,0.0765002146363,0.119549266994,0.398337334394,0.38098937273,-0.372173696756,0.475429564714,-0.108761459589,0.150951236486,0.0281026829034,0.301030546427,0.292263060808,0.0808210521936,0.0952131673694,0.360930562019,-0.533610522747,-0.203762739897,-0.0519464462996,-0.313584685326,-0.264042586088,0.0371271371841,-0.439202100039,-0.176363229752,0.0341345481575,0.00317878439091,-0.542879343033,0.324818581343,0.340547919273,0.573517918587,-0.211096063256,0.338126569986,0.030607290566,-0.0306050851941,0.218150272965,-0.118330053985,-0.185552984476,-0.116313010454,0.214633896947,-0.0728594958782,0.244046255946,-0.104145750403,0.0327190794051,-0.315072387457,-0.144641235471,-0.2375639081,-0.570178627968,-0.023456690833,-0.15008418262,0.325401514769,0.261753112078,-0.222687616944,-0.0888918638229,0.139315292239,0.284344673157,0.129362508655,0.0533606484532,-0.181154891849,0.0120715107769,-0.150064378977
5,0.166074886918,0.422090172768,-0.0747058540583,-0.227780744433,0.327758908272,0.182491227984,0.399968832731,0.0274922531098,0.204195439816,-0.250258892775,-0.140827193856,-0.216757938266,-0.0512149259448,-0.483237177134,0.104445539415,-0.0659770816565,-0.23985414207,-0.206705704331,-0.323677778244,-0.324980020523,-0.242185160518,0.28630977869,0.539758503437,0.435274749994,-0.0777904987335,-0.285417020321,0.0362530685961,-0.163986980915,0.461741119623,0.0943526029587,0.0024700765498,0.357048004866,-0.396544784307,0.401540398598,-0.26603615284,0.401975989342,0.2464043051,0.157635629177,0.208754569292,-0.48621198535,-0.0101479664445,-0.216819137335,-0.249850988388,0.365052491426,0.12169804424,-0.185773938894,0.252135038376,0.211967885494,0.0821148306131,-0.00806250330061,0.0351873263717,0.036141667515,0.0997495874763,0.0496970675886,-0.20850455761,0.127902507782,0.135479256511,-0.357670038939,-0.262057870626,-0.170046746731,-0.105342641473,-0.133288025856,-0.115023717284,-0.301007986069,-0.26263064146,0.223206028342,-0.237082853913,0.315865457058,0.468847483397,-0.323599845171,-0.0278551150113,0.267825722694,0.0222832784057,0.188396900892,-0.191250383854,0.12305470556,-0.0347756631672,-0.249581128359,0.209039971232,0.341719180346,-0.310066282749,-0.390155911446,-0.278877913952,0.106746286154,-0.0983266830444,-0.0811603218317,-0.148258119822,-0.28523632884,0.240700870752,-0.372685670853,-0.506177484989,-0.125306367874,-0.370933234692,0.295661449432,-0.0457842424512,0.444790780544,-0.00360434572212,-0.12636885047,0.0909285470843,-0.128421112895,-0.3238530159,-0.0989769995213,-0.0304631143808,-0.137236565351,-0.0892700701952,-0.0151935936883,0.172576352954,0.370654344559,0.334845423698,0.238097786903,-0.676451683044,-0.203422009945,0.274192541838,-0.373673826456,0.00796726904809,-0.351396203041,-0.657605826855,0.232126057148,0.0061324168928,0.256388545036,-0.160604298115,0.194185137749,0.0462864264846,0.0942661017179,-0.0573169253767,-0.061822399497,0.360751658678,0.0881786420941,0.0702228024602,-0.28024572134,-0.0414092093706,-0.178351670504,0.351182937622,0.194672495127,-0.547407090664,-0.028292266652,-0.293665647507,-0.109856635332,0.206833928823,0.281349956989,-0.0667366683483,-0.273673355579,0.0796003192663,0.124890469015,0.414909124374,0.39764881134,-0.38762319088,0.49499309063,-0.113444395363,0.157422766089,0.0304080490023,0.313694566488,0.304750621319,0.0846461504698,0.0991089195013,0.375959128141,-0.556025207043,-0.212846457958,-0.0542983300984,-0.326851457357,-0.275046914816,0.0391858890653,-0.456722408533,-0.183043062687,0.0357451252639,0.00318451481871,-0.566751420498,0.338639527559,0.354823887348,0.598094701767,-0.220086142421,0.352188408375,0.0317323170602,-0.0319736115634,0.227231919765,-0.122755683959,-0.194469377398,-0.121113188565,0.223936706781,-0.0761814191937,0.254526525736,-0.108872652054,0.0342533178627,-0.328598678112,-0.150006517768,-0.246950030327,-0.594248652458,-0.0255092121661,-0.156642854214,0.340043455362,0.272768348455,-0.232713624835,-0.0926665887237,0.144642427564,0.296699047089,0.135050296783,0.0550290867686,-0.189045146108,0.0136488042772,-0.156051278114
6,0.17601749301,0.44612121582,-0.080101326108,-0.239646926522,0.346138894558,0.194134429097,0.424912124872,0.0308317486197,0.216094553471,-0.264108091593,-0.149088516831,-0.227843791246,-0.0550214871764,-0.50978833437,0.111624076962,-0.0701301544905,-0.254389166832,-0.218022033572,-0.341348022223,-0.34252768755,-0.25747808814,0.301337659359,0.569007515907,0.457736462355,-0.0829569771886,-0.29975682497,0.0374694094062,-0.173159942031,0.485862284899,0.0979594364762,0.00142130139284,0.376433640718,-0.418325722218,0.423667311668,-0.281942665577,0.421881556511,0.260527968407,0.164747804403,0.219373956323,-0.510885179043,-0.0104559734464,-0.227606788278,-0.260316252708,0.385025173426,0.128995105624,-0.193132862449,0.267192959785,0.223907440901,0.0865720286965,-0.00623204605654,0.0362017415464,0.0372572392225,0.105040468276,0.0547740124166,-0.221270650625,0.135578453541,0.143852591515,-0.377656966448,-0.275582879782,-0.178451016545,-0.110907196999,-0.140112712979,-0.12131191045,-0.316483259201,-0.275658279657,0.234743207693,-0.249355956912,0.333017706871,0.493830531836,-0.343330860138,-0.0279842857271,0.281040638685,0.025368258357,0.196517780423,-0.198323756456,0.130509480834,-0.0360166765749,-0.264057546854,0.218485102057,0.358054697514,-0.325656056404,-0.410990655422,-0.295411169529,0.112367264926,-0.104873389006,-0.0849398896098,-0.155595675111,-0.298582285643,0.253424823284,-0.392582327127,-0.53317719698,-0.134011089802,-0.391910403967,0.312281042337,-0.0486039742827,0.470244318247,-0.00397966150194,-0.135693639517,0.0933995470405,-0.135967493057,-0.340303808451,-0.107609957457,-0.0318377166986,-0.144669532776,-0.0961071178317,-0.0166140757501,0.180423080921,0.39212757349,0.353130996227,0.251440346241,-0.712839126587,-0.212951272726,0.289409518242,-0.393122434616,0.00807083304971,-0.371605426073,-0.692296981812,0.245498389006,0.00801648013294,0.270445585251,-0.168943762779,0.204523772001,0.0480244345963,0.0982971861959,-0.0590462237597,-0.0655672624707,0.37932652235,0.0926750525832,0.0739106535912,-0.29469153285,-0.0479178130627,-0.186854287982,0.37025231123,0.20825368166,-0.575994968414,-0.0297499932349,-0.308946311474,-0.11727694422,0.220601856709,0.295603096485,-0.0699818581343,-0.289429843426,0.0836159586906,0.132762730122,0.43848541379,0.419308364391,-0.407584160566,0.522068440914,-0.1201595366,0.164937019348,0.0331530757248,0.329552978277,0.319008916616,0.0875440090895,0.102629557252,0.394108951092,-0.587216854095,-0.224459469318,-0.0584958307445,-0.344708532095,-0.290369510651,0.0399108454585,-0.479012608528,-0.194463372231,0.0380770303309,0.00349623290822,-0.598007380962,0.35619533062,0.373507291079,0.629289388657,-0.233202964067,0.374096781015,0.0350017733872,-0.0315474197268,0.239461496472,-0.129659816623,-0.20422424376,-0.128356844187,0.23621751368,-0.0775414556265,0.268214225769,-0.114545896649,0.0357348918915,-0.348421186209,-0.160570934415,-0.260777533054,-0.62654531002,-0.0242013111711,-0.165504023433,0.358433783054,0.287757217884,-0.246753945947,-0.0974190011621,0.152764230967,0.314256817102,0.143392890692,0.0577136576176,-0.200147733092,0.0152930924669,-0.166485697031
7,0.171095907688,0.434133708477,-0.0769498124719,-0.234209954739,0.336960345507,0.188060477376,0.411536872387,0.0281021557748,0.209672868252,-0.256605178118,-0.144954755902,-0.222790315747,-0.0524226799607,-0.496435165405,0.106966331601,-0.0680887624621,-0.247051969171,-0.212277397513,-0.332595139742,-0.334290742874,-0.24891141057,0.294861882925,0.555049955845,0.447756230831,-0.0807248651981,-0.293238252401,0.0372712165117,-0.169121176004,0.474823087454,0.096795514226,0.00256828637794,0.367396116257,-0.408268868923,0.412946075201,-0.273222506046,0.41303691268,0.25326743722,0.161772117019,0.215507775545,-0.500210106373,-0.00995857827365,-0.222691431642,-0.256397843361,0.375510573387,0.124937288463,-0.190266907215,0.259408652782,0.218722626567,0.0845876336098,-0.00835523847491,0.0353780090809,0.0365255177021,0.102013111115,0.0511018559337,-0.21477279067,0.132073491812,0.139479905367,-0.367217391729,-0.269202560186,-0.17401085794,-0.10865303129,-0.136912032962,-0.118119992316,-0.310109168291,-0.26990583539,0.228796005249,-0.244049504399,0.325305044651,0.482082307339,-0.333135187626,-0.0288539286703,0.275227308273,0.0232496522367,0.19293949008,-0.196665391326,0.126403570175,-0.0361120328307,-0.256642073393,0.214687883854,0.351227462292,-0.318270683289,-0.400978565216,-0.28644117713,0.10920740664,-0.100837022066,-0.0837812125683,-0.152690440416,-0.29352208972,0.248023480177,-0.383173853159,-0.52066975832,-0.129045367241,-0.381082445383,0.303418546915,-0.0461754389107,0.457254111767,-0.00345626007766,-0.129763618112,0.0934337973595,-0.131871640682,-0.333244174719,-0.10112117976,-0.0310185924172,-0.141484960914,-0.0917219370604,-0.015842653811,0.177652195096,0.381289452314,0.343650519848,0.244776248932,-0.695753276348,-0.208634495735,0.281821399927,-0.383910924196,0.00808837451041,-0.361911445856,-0.675892233849,0.2379732728,0.00617171311751,0.263302624226,-0.164742276073,0.199447453022,0.0471983477473,0.0962727963924,-0.0581711381674,-0.0638045370579,0.370753705502,0.0910697206855,0.0716880112886,-0.287609040737,-0.0426039919257,-0.183503940701,0.360251784325,0.200543582439,-0.562634766102,-0.0298373252153,-0.302163600922,-0.112121269107,0.213005170226,0.289479583502,-0.0686643943191,-0.28154194355,0.0817822441459,0.127800568938,0.426845669746,0.408412367105,-0.398271858692,0.508957982063,-0.116607956588,0.161187708378,0.0309014990926,0.322538286448,0.313274025917,0.0866438895464,0.102053835988,0.386154294014,-0.5718947649,-0.218357652426,-0.0557003505528,-0.336176753044,-0.28252530098,0.0398019738495,-0.469530403614,-0.188221395016,0.0368900410831,0.00324758049101,-0.582333743572,0.348301380873,0.364270150661,0.61493730545,-0.225777626038,0.361842602491,0.0327269248664,-0.0326662138104,0.233932673931,-0.126425608993,-0.199432104826,-0.124271012843,0.229950025678,-0.078206025064,0.26162520051,-0.112522833049,0.0347751826048,-0.337438225746,-0.155026391149,-0.254034489393,-0.610661685467,-0.0254433881491,-0.160743355751,0.349435865879,0.280492812395,-0.238829135895,-0.0954554155469,0.149182543159,0.305075436831,0.138875037432,0.0572537481785,-0.194258019328,0.0133166518062,-0.160428792238
8,0.174857243896,0.444613546133,-0.0779356062412,-0.23990470171,0.345656871796,0.192276194692,0.421132177114,0.0289134625345,0.214751422405,-0.263546198606,-0.148711636662,-0.227727249265,-0.053510248661,-0.508637368679,0.109755314887,-0.0700449496508,-0.252734094858,-0.217628389597,-0.341093271971,-0.342188626528,-0.254881888628,0.302041262388,0.56907337904,0.458174675703,-0.0827931761742,-0.300560832024,0.0384854525328,-0.172533199191,0.4869530797,0.0989670231938,0.00213566469029,0.375494211912,-0.418440192938,0.422941088676,-0.280073404312,0.423281162977,0.259545356035,0.165634721518,0.220790699124,-0.511979699135,-0.00971924327314,-0.228220000863,-0.26248678565,0.384681761265,0.127925902605,-0.194317981601,0.265250295401,0.224089562893,0.0861930251122,-0.00840840209275,0.0363741368055,0.038116030395,0.104715548456,0.053058501333,-0.219360515475,0.13530395925,0.142522573471,-0.376163870096,-0.275450140238,-0.178739607334,-0.110747776926,-0.140643760562,-0.120830334723,-0.317040115595,-0.276433438063,0.23533461988,-0.249354124069,0.332910567522,0.493135422468,-0.341174036264,-0.0291363094002,0.282184332609,0.0238886997104,0.197472020984,-0.200941681862,0.130025938153,-0.0372721068561,-0.262716501951,0.219347760081,0.359139919281,-0.326083153486,-0.411191880703,-0.293442487717,0.112087234855,-0.103529959917,-0.0855744928122,-0.155446156859,-0.299314111471,0.25346082449,-0.392297238111,-0.532943248749,-0.132020696998,-0.390413612127,0.310330748558,-0.0477302037179,0.468435555696,-0.00329006346874,-0.133280664682,0.0959503576159,-0.135695964098,-0.340683370829,-0.104239143431,-0.0317027680576,-0.144494369626,-0.094115421176,-0.0161004383117,0.182248607278,0.390447467566,0.352454006672,0.251169860363,-0.712453961372,-0.2135604918,0.288188993931,-0.393028527498,0.00805984903127,-0.370490968227,-0.691741108894,0.243736386299,0.00684507796541,0.269415587187,-0.168758735061,0.204097256064,0.0481660179794,0.0983526334167,-0.0598386116326,-0.065380319953,0.379743844271,0.0931018665433,0.0735503658652,-0.294438660145,-0.044000890106,-0.188199535012,0.369122475386,0.205835074186,-0.576206624508,-0.0307980459183,-0.309017121792,-0.114479407668,0.218326315284,0.296590059996,-0.0704054012895,-0.28864467144,0.0839241743088,0.130643367767,0.436841160059,0.418632119894,-0.407711058855,0.520903944969,-0.11991545558,0.165607154369,0.0319649912417,0.330117404461,0.320812851191,0.0885677188635,0.104218363762,0.395288616419,-0.5855473876,-0.223413735628,-0.0572923459113,-0.344268918037,-0.28885781765,0.0404403321445,-0.480963408947,-0.192935720086,0.0381925553083,0.00367536651902,-0.596659362316,0.356654107571,0.372863918543,0.629674315453,-0.231124222279,0.371098488569,0.0336106568575,-0.033045373857,0.239332705736,-0.129739448428,-0.204466208816,-0.127374365926,0.235087901354,-0.079583235085,0.268101990223,-0.115065462887,0.0360203422606,-0.345325797796,-0.159452021122,-0.260080546141,-0.625491380692,-0.0261217337102,-0.16496437788,0.358122378588,0.287425041199,-0.244739040732,-0.0977733507752,0.152676030993,0.312545001507,0.141313225031,0.0581461414695,-0.19937774539,0.0146309277043,-0.164487630129
9,0.16980522871,0.430988729,-0.0759687200189,-0.232461050153,0.33458507061,0.186324104667,0.40825098753,0.0278869196773,0.208262309432,-0.254955261946,-0.1441180408,-0.221357986331,-0.0519124045968,-0.492993891239,0.106344103813,-0.0676640421152,-0.244858145714,-0.21029932797,-0.330198407173,-0.331691294909,-0.247041940689,0.292499244213,0.550942838192,0.443815171719,-0.079762019217,-0.291356891394,0.0372684597969,-0.167451515794,0.471092134714,0.0962483286858,0.00231943163089,0.364434868097,-0.405029267073,0.409942120314,-0.271369606256,0.410269230604,0.251555651426,0.160811394453,0.213435590267,-0.496748715639,-0.00992307253182,-0.22111029923,-0.254440844059,0.372635066509,0.124146513641,-0.189010992646,0.256768941879,0.216995701194,0.0837350562215,-0.00827441550791,0.0352336727083,0.0366965942085,0.100980699062,0.0509872175753,-0.213119834661,0.130835309625,0.138051703572,-0.364807158709,-0.266699999571,-0.173226743937,-0.107488237321,-0.136114835739,-0.117125362158,-0.307200431824,-0.267890274525,0.22751070559,-0.242178529501,0.322584748268,0.478143244982,-0.330401659012,-0.0287223495543,0.273150056601,0.0230928994715,0.19161438942,-0.195206448436,0.125397756696,-0.0357766263187,-0.254690021276,0.21290974319,0.348519742489,-0.316080659628,-0.398192644119,-0.284563332796,0.108484104276,-0.100040987134,-0.0836099386215,-0.151222541928,-0.291047245264,0.245771408081,-0.380434632301,-0.516757726669,-0.128020301461,-0.377903282642,0.301001966,-0.0461012870073,0.453726440668,-0.00281943078153,-0.129027426243,0.0930320546031,-0.130777537823,-0.330619156361,-0.100447937846,-0.0307929962873,-0.140699461102,-0.0912703350186,-0.0158765669912,0.1763535887,0.37821573019,0.341086447239,0.242973908782,-0.690800786018,-0.20728763938,0.279766589403,-0.380960404873,0.00808238331228,-0.359166532755,-0.670978009701,0.236067160964,0.00626589357853,0.260866075754,-0.163862004876,0.198112502694,0.0468297600746,0.0957924500108,-0.0576893053949,-0.0634429007769,0.367686867714,0.089897364378,0.0712360292673,-0.285243302584,-0.0421749055386,-0.182737231255,0.35751631856,0.198834165931,-0.558759570122,-0.0295058581978,-0.299317330122,-0.111045874655,0.211247965693,0.287414669991,-0.0683657824993,-0.279543220997,0.0814546942711,0.127408489585,0.423233538866,0.405352950096,-0.39552000165,0.505343735218,-0.115692123771,0.160412982106,0.030687822029,0.320045232773,0.310888379812,0.0860226750374,0.101008683443,0.383331924677,-0.567474961281,-0.21634683013,-0.0554358363152,-0.333793908358,-0.28041434288,0.0393238477409,-0.46666264534,-0.186579316854,0.0364174880087,0.00348749803379,-0.578566193581,0.345591753721,0.361532628536,0.610663235188,-0.224363103509,0.358986884356,0.0325875505805,-0.0324651114643,0.232221603394,-0.125336825848,-0.19814260304,-0.123361289501,0.228127464652,-0.0777729451656,0.259880721569,-0.110873125494,0.0346114449203,-0.334894478321,-0.154048785567,-0.252071529627,-0.606224894524,-0.0254040248692,-0.159872427583,0.346659481525,0.278044998646,-0.237011939287,-0.0946730971336,0.147658929229,0.30272474885,0.137357279658,0.0570588633418,-0.192904084921,0.0133889233693,-0.158885300159
10,0.183069109917,0.462976008654,-0.0811442807317,-0.249832168221,0.359845161438,0.200141683221,0.438600927591,0.0297405049205,0.223513513803,-0.274643152952,-0.154881745577,-0.237151637673,-0.0560871697962,-0.529532074928,0.11467897892,-0.0725627169013,-0.263662666082,-0.227055862546,-0.355495303869,-0.356857270002,-0.265956401825,0.314808547497,0.5930737257,0.477714657784,-0.0861210599542,-0.31319668889,0.0401212535799,-0.179629758,0.507296144962,0.102952316403,0.00220075272955,0.391203284264,-0.435776084661,0.44061461091,-0.292113333941,0.441388696432,0.270693957806,0.17273132503,0.23034234345,-0.533022582531,-0.0101845199242,-0.237837150693,-0.2738943398,0.400707751513,0.133275300264,-0.20291043818,0.276421189308,0.2333098948,0.0898649767041,-0.00854188669473,0.037694633007,0.0392505452037,0.109030209482,0.0554135106504,-0.228558599949,0.140957474709,0.148444801569,-0.39214977622,-0.286922961473,-0.186571493745,-0.115335136652,-0.146357163787,-0.125493258238,-0.329857945442,-0.287802577019,0.245048090816,-0.259734719992,0.346789985895,0.514342784882,-0.35589748621,-0.030342945829,0.293374329805,0.0246084332466,0.205655634403,-0.208798468113,0.135199129581,-0.0386137962341,-0.273720502853,0.228329688311,0.374484330416,-0.339515030384,-0.428711742163,-0.306139171124,0.116984672844,-0.108063556254,-0.0893242955208,-0.161998316646,-0.312164366245,0.264729589224,-0.408692896366,-0.555440068245,-0.137689426541,-0.406609296799,0.323500871658,-0.0495963394642,0.488584518433,-0.00400532456115,-0.138945549726,0.100138768554,-0.141023546457,-0.356343835592,-0.108670510352,-0.0332817845047,-0.150205016136,-0.0987597256899,-0.0171108674258,0.189504906535,0.406488746405,0.366871356964,0.260857969522,-0.74225538969,-0.222438111901,0.30062776804,-0.409600883722,0.00825450196862,-0.385648995638,-0.720729768276,0.254182070494,0.00728373136371,0.280857652426,-0.175990879536,0.211779624224,0.0507491193712,0.102736465633,-0.0624221749604,-0.0677617266774,0.395824164152,0.0971254557371,0.0765905380249,-0.306227594614,-0.0456469878554,-0.196303218603,0.384902954102,0.213660776615,-0.600753545761,-0.0314280577004,-0.321426421404,-0.119655355811,0.227321192622,0.309451848269,-0.0737684369087,-0.300040155649,0.0876102000475,0.136515319347,0.45524635911,0.43594995141,-0.42478376627,0.542539656162,-0.124492608011,0.172887116671,0.0328163988888,0.343962490559,0.334270983934,0.0922681391239,0.109089076519,0.412143200636,-0.610451042652,-0.232375398278,-0.0599115528166,-0.359180748463,-0.300858795643,0.0418345853686,-0.50088763237,-0.201103895903,0.0402534976602,0.00424858089536,-0.622036159039,0.372191995382,0.388109266758,0.656558096409,-0.241273552179,0.387064576149,0.0343226902187,-0.0348237119615,0.249846249819,-0.134931743145,-0.213397651911,-0.132906138897,0.244885891676,-0.0834079533815,0.279806464911,-0.120077557862,0.0374540276825,-0.359265983105,-0.166152685881,-0.270799636841,-0.651200354099,-0.0275990404189,-0.171312332153,0.373174995184,0.299585431814,-0.25469610095,-0.101650588214,0.158832088113,0.325863987207,0.148178637028,0.0602279677987,-0.207999423146,0.0149038890377,-0.171148061752
11,0.163623720407,0.416170835495,-0.0743278861046,-0.224711477757,0.322847038507,0.180021062493,0.394739210606,0.0273579563946,0.200934752822,-0.246373921633,-0.13947699964,-0.213201075792,-0.0499680824578,-0.475891232491,0.102712601423,-0.0647656470537,-0.236325204372,-0.203382730484,-0.319018423557,-0.319835245609,-0.238460734487,0.282029986382,0.531576752663,0.428990364075,-0.0771120786667,-0.281056523323,0.0359705090523,-0.16193126142,0.455200701952,0.0926227346063,0.00253599067219,0.35196352005,-0.390858530998,0.395593971014,-0.261808633804,0.396009385586,0.243065953255,0.154848411679,0.205812066793,-0.479254543781,-0.01009924151,-0.213731393218,-0.245833739638,0.359582096338,0.119712494314,-0.182183220983,0.248611137271,0.208966076374,0.0809142440557,-0.00846870057285,0.0343758575618,0.0348924398422,0.0980804264545,0.0490218400955,-0.20606982708,0.12656006217,0.133627861738,-0.351829588413,-0.258057415485,-0.166866540909,-0.103800736368,-0.131012246013,-0.113215073943,-0.297453016043,-0.258815765381,0.219936579466,-0.233208715916,0.311686307192,0.461828887463,-0.31894376874,-0.0273233409971,0.263633072376,0.0222440063953,0.184806108475,-0.188572958112,0.121447637677,-0.0348262488842,-0.245723083615,0.206284701824,0.33662289381,-0.305135935545,-0.384483903646,-0.274723023176,0.104280978441,-0.0968805998564,-0.0800352320075,-0.146698787808,-0.280866980553,0.237578630447,-0.367558777332,-0.499042332172,-0.124102532864,-0.364910513163,0.291102081537,-0.0447801202536,0.438318401575,-0.00360644119792,-0.124791480601,0.0893540605903,-0.126665011048,-0.318334966898,-0.0971857085824,-0.0297438073903,-0.135420531034,-0.0882345885038,-0.0153646357358,0.170444816351,0.365807712078,0.329608291388,0.23518294096,-0.666841089725,-0.200139194727,0.269955068827,-0.36815404892,0.00764793436974,-0.346746951342,-0.647600591183,0.228534057736,0.00584680074826,0.252133995295,-0.158355727792,0.191421627998,0.0458856262267,0.0924015343189,-0.0559237785637,-0.0618787892163,0.355383396149,0.0867515653372,0.0696761608124,-0.275900304317,-0.0412140265107,-0.17611849308,0.345450907946,0.192433968186,-0.539048492908,-0.0284861624241,-0.290247291327,-0.108061984181,0.204204574227,0.277025699615,-0.0654189884663,-0.269612371922,0.0776663050056,0.122477084398,0.408723443747,0.391715943813,-0.381772845984,0.487467855215,-0.112226419151,0.15429264307,0.0295998863876,0.308941215277,0.300454705954,0.082833006978,0.0976766943932,0.370210409164,-0.548054933548,-0.209146097302,-0.0535482950509,-0.321738183498,-0.271518349648,0.0385043919086,-0.450011581182,-0.180354908109,0.0357314944267,0.00298154004849,-0.558301925659,0.333805531263,0.349468946457,0.588961839676,-0.216435283422,0.346644878387,0.0312095880508,-0.0317399203777,0.223331794143,-0.12146101892,-0.190799638629,-0.119537301362,0.220245063305,-0.0741053298116,0.25108858943,-0.107493489981,0.0330228991807,-0.32361844182,-0.148406371474,-0.243112191558,-0.585351765156,-0.0236068163067,-0.153813585639,0.33451294899,0.268798708916,-0.229155376554,-0.0908930301666,0.142104163766,0.292431622744,0.132591947913,0.0546702742577,-0.18612472713,0.0129380663857,-0.154091924429
12,0.173889115453,0.442283272743,-0.0786346942186,-0.238339617848,0.342863589525,0.191410422325,0.419212818146,0.0281815808266,0.213598296046,-0.261014789343,-0.148417830467,-0.227251678705,-0.0530805885792,-0.506175458431,0.108820192516,-0.0691141784191,-0.25117084384,-0.215664431453,-0.339046806097,-0.339961081743,-0.254125386477,0.299829423428,0.565077662468,0.456193894148,-0.0820353627205,-0.298385679722,0.038342345506,-0.172042474151,0.483378052711,0.0985030457377,0.0028281242121,0.374116748571,-0.415500938892,0.420731574297,-0.278327941895,0.420827329159,0.257857739925,0.164945721626,0.219156086445,-0.509703934193,-0.0107709467411,-0.227442800999,-0.261851966381,0.382148146629,0.127336040139,-0.19350425899,0.263792037964,0.222108453512,0.0861284285784,-0.00935242790729,0.0367628931999,0.0372096113861,0.104286856949,0.0520005896688,-0.21852619946,0.1347720474,0.142056077719,-0.373849332333,-0.274056553841,-0.177669942379,-0.111014246941,-0.139419436455,-0.120361700654,-0.315946757793,-0.274946630001,0.23359964788,-0.248600065708,0.331098645926,0.490845769644,-0.339051276445,-0.0291141290218,0.280961364508,0.0239049065858,0.196786940098,-0.200819015503,0.128676354885,-0.036583904177,-0.261865466833,0.218828380108,0.358197033405,-0.324558347464,-0.408357292414,-0.292203098536,0.111292995512,-0.103068128228,-0.0848445147276,-0.155798196793,-0.298833668232,0.252367079258,-0.39057046175,-0.530447602272,-0.131774872541,-0.387754172087,0.309507846832,-0.0468847230077,0.465690016747,-0.00336477905512,-0.132593899965,0.0949367433786,-0.134383410215,-0.339129656553,-0.103011786938,-0.0322666838765,-0.144060924649,-0.0936765000224,-0.0160901881754,0.180560469627,0.388984769583,0.350516229868,0.249860540032,-0.709038853645,-0.213380470872,0.287614315748,-0.391361147165,0.008460175246,-0.368449687958,-0.688962996006,0.242449730635,0.00607235170901,0.268037736416,-0.167737260461,0.203523278236,0.048298958689,0.0985212102532,-0.05907285586,-0.0658443719149,0.377441495657,0.0925368145108,0.0737301111221,-0.293647050858,-0.0438951924443,-0.187210470438,0.36677390337,0.204719811678,-0.573002517223,-0.0309189967811,-0.307825684547,-0.114104114473,0.21665494144,0.295369446278,-0.0695633292198,-0.286687552929,0.0830189883709,0.130174353719,0.434779495001,0.416116595268,-0.405529022217,0.518349289894,-0.11865080893,0.163716197014,0.0312303919345,0.328285425901,0.319409787655,0.0879813432693,0.103511400521,0.393644839525,-0.582273185253,-0.222425475717,-0.0563996918499,-0.342232346535,-0.288186520338,0.0402294956148,-0.478906184435,-0.191866204143,0.0380041189492,0.00341325183399,-0.593354225159,0.354284226894,0.371563613415,0.626272320747,-0.230381384492,0.36785787344,0.033743314445,-0.0335352160037,0.238231003284,-0.128316670656,-0.202696710825,-0.126989334822,0.234147638083,-0.0798854827881,0.26671770215,-0.11424677074,0.0351510457695,-0.343976348639,-0.157328411937,-0.258906841278,-0.622027516365,-0.0259580146521,-0.163781955838,0.356071323156,0.285568326712,-0.243500545621,-0.0968916490674,0.151836678386,0.310614019632,0.141169846058,0.0583931356668,-0.198109149933,0.0136907268316,-0.163591012359
13,0.187660217285,0.475839108229,-0.084260635078,-0.256642907858,0.368977576494,0.205992892385,0.450391411781,0.0303207617253,0.229747921228,-0.281273216009,-0.159123435616,-0.2442522645,-0.0576436296105,-0.543741166592,0.117169849575,-0.0746157243848,-0.270342588425,-0.232465147972,-0.364777505398,-0.366180956364,-0.273005783558,0.323044449091,0.60829025507,0.490503400564,-0.088141746819,-0.321451336145,0.0409800857306,-0.185224458575,0.520149886608,0.106069251895,0.00264109438285,0.402433663607,-0.447291970253,0.452199578285,-0.299510061741,0.452919989824,0.277793377638,0.177320808172,0.236187905073,-0.548066020012,-0.0105623975396,-0.243919149041,-0.281277418137,0.411118805408,0.136871427298,-0.208541303873,0.283857315779,0.239409208298,0.0926833078265,-0.00950591731817,0.0389090515673,0.0402738153934,0.111854687333,0.0560368746519,-0.235216036439,0.144863337278,0.152755469084,-0.402477264404,-0.294777244329,-0.191053435206,-0.118749305606,-0.150212317705,-0.129304692149,-0.339407622814,-0.295544028282,0.25086414814,-0.267442554235,0.355852812529,0.52837651968,-0.364888608456,-0.0316366031766,0.301622599363,0.0252420697361,0.211815804243,-0.215454503894,0.13847309351,-0.0395156741142,-0.28134354949,0.235223174095,0.38491293788,-0.348825007677,-0.439439058304,-0.314363837242,0.119745753706,-0.110548079014,-0.0921096429229,-0.166911959648,-0.321500808001,0.271819740534,-0.419958561659,-0.570810198784,-0.141832664609,-0.417356103659,0.332507491112,-0.0507661625743,0.500798463821,-0.0035918278154,-0.142243102193,0.102175541222,-0.144553095102,-0.365038216114,-0.110674396157,-0.0341282188892,-0.155018791556,-0.100846104324,-0.0175342615694,0.194433808327,0.417660355568,0.376311480999,0.268293201923,-0.762515485287,-0.228785991669,0.308873414993,-0.420957803726,0.00893106497824,-0.396258413792,-0.74086278677,0.260659247637,0.00720216101035,0.288360327482,-0.180335938931,0.218529850245,0.0521119870245,0.105572715402,-0.0636539235711,-0.0699591189623,0.406199932098,0.0995744988322,0.0784989967942,-0.314918756485,-0.0466475635767,-0.201381996274,0.394767254591,0.219557151198,-0.616793453693,-0.0328644476831,-0.330479979515,-0.122730396688,0.232912927866,0.317401528358,-0.0751925036311,-0.30828422308,0.0894074290991,0.140308454633,0.467293232679,0.447603642941,-0.436653256416,0.557615458965,-0.127684652805,0.176789358258,0.0338795445859,0.353372305632,0.343427121639,0.0948754474521,0.111336544156,0.423464477062,-0.626260340214,-0.239004075527,-0.0610480234027,-0.368478119373,-0.309333443642,0.0432316362858,-0.514745414257,-0.206319510937,0.0404593907297,0.00378638529219,-0.638192772865,0.381717741489,0.398945808411,0.673991560936,-0.247864112258,0.396391421556,0.0360126085579,-0.0359101705253,0.256655067205,-0.138060063124,-0.218522787094,-0.13599909842,0.252014786005,-0.085776925087,0.287198841572,-0.122805595398,0.0380315519869,-0.369112044573,-0.169879242778,-0.278222829103,-0.669289290905,-0.0279405433685,-0.176110059023,0.383150011301,0.307208418846,-0.261769711971,-0.104351714253,0.163442030549,0.334238052368,0.152035683393,0.0625915229321,-0.213086247444,0.0146831301972,-0.17546929419
14,0.180549561977,0.457417577505,-0.0802529007196,-0.246398717165,0.355280399323,0.197786778212,0.433138906956,0.0296079106629,0.220922648907,-0.271039038897,-0.152966618538,-0.234378665686,-0.055209569633,-0.523428022861,0.112889692187,-0.0719247758389,-0.260448932648,-0.224414780736,-0.350573480129,-0.352286577225,-0.262171149254,0.310544967651,0.585429489613,0.471767365932,-0.0848732739687,-0.309398293495,0.0396545380354,-0.177458763123,0.50079202652,0.102151744068,0.00239212880842,0.386665612459,-0.430267602205,0.435221850872,-0.288092017174,0.436089903116,0.267041921616,0.170679271221,0.227151691914,-0.526849389076,-0.00961359869689,-0.235022231936,-0.270555883646,0.395518422127,0.131608083844,-0.200261771679,0.273047089577,0.230308368802,0.0889416635036,-0.00870771426708,0.0370837450027,0.0390065051615,0.107580438256,0.0542108304799,-0.22599850595,0.138987377286,0.146568849683,-0.38679420948,-0.28287127614,-0.184046894312,-0.11414706707,-0.144350498915,-0.124051444232,-0.325832039118,-0.284094899893,0.242178082466,-0.257027029991,0.342060953379,0.507795274258,-0.351187378168,-0.0302683264017,0.290011525154,0.0243323873729,0.203011378646,-0.206469982862,0.133106470108,-0.0378793217242,-0.270365089178,0.225627362728,0.370077967644,-0.33515098691,-0.422662317753,-0.301967084408,0.115144185722,-0.106251128018,-0.0884080827236,-0.159805759788,-0.308547914028,0.261299550533,-0.403995424509,-0.548256278038,-0.135922163725,-0.40138065815,0.319566130638,-0.0489200279117,0.482175499201,-0.00395647855476,-0.137476727366,0.0989867001772,-0.139068976045,-0.351955235004,-0.106968536973,-0.032911401242,-0.148761168122,-0.0971163660288,-0.016819441691,0.187158167362,0.401474893093,0.362272083759,0.257680922747,-0.733231186867,-0.219477117062,0.297643065453,-0.404813736677,0.00829735677689,-0.380842506886,-0.711962819099,0.25061327219,0.00719846226275,0.277153521776,-0.173872455955,0.209454625845,0.0500679947436,0.101034775376,-0.0612970814109,-0.067184612155,0.39053401351,0.0958126336336,0.0756275951862,-0.30281919241,-0.0448314249516,-0.193842336535,0.379997253418,0.210895374417,-0.593266963959,-0.0313073471189,-0.317591071129,-0.117975637317,0.224395975471,0.305823564529,-0.0730089172721,-0.296642303467,0.0864709541202,0.134731382132,0.4493919909,0.430260717869,-0.419595122337,0.536204457283,-0.123055912554,0.170288413763,0.0325775817037,0.339526951313,0.330083996058,0.0911011099815,0.107513539493,0.407024502754,-0.602622389793,-0.229919210076,-0.059006690979,-0.354557484388,-0.297534704208,0.0413498356938,-0.495278894901,-0.198654830456,0.0390488952398,0.00398806668818,-0.61434751749,0.367019027472,0.383442223072,0.648702085018,-0.238313660026,0.381852120161,0.0339657217264,-0.0342987030745,0.246736288071,-0.133516401052,-0.210620388389,-0.131425380707,0.241849064827,-0.0822078511119,0.275933355093,-0.118466697633,0.0368362218142,-0.354891419411,-0.164079651237,-0.267688184977,-0.64319396019,-0.0274100918323,-0.169110387564,0.36862796545,0.295985579491,-0.251688092947,-0.100267902017,0.156757637858,0.321525245905,0.145712956786,0.0598667487502,-0.204863488674,0.0147325294092,-0.168863371015
15,0.167179986835,0.427188545465,-0.0757981836796,-0.230916321278,0.331413209438,0.185596957803,0.405246287584,0.0281744804233,0.206055119634,-0.252829700708,-0.142776548862,-0.218984246254,-0.0513835512102,-0.488344043493,0.105232037604,-0.0666575655341,-0.241883412004,-0.208742454648,-0.327762335539,-0.328331410885,-0.244564414024,0.289798527956,0.545778512955,0.439564466476,-0.0789579972625,-0.28854393959,0.0365882627666,-0.166286572814,0.46735149622,0.0953825861216,0.00242304685526,0.361199557781,-0.400426626205,0.405946105719,-0.26899522543,0.406615883112,0.25000718236,0.158988803625,0.211257621646,-0.491574555635,-0.0102792475373,-0.219546601176,-0.251988857985,0.369132727385,0.122941166162,-0.186750456691,0.254570603371,0.214756339788,0.0830041840672,-0.00840733665973,0.0352552235126,0.0364915579557,0.100934296846,0.04993949458,-0.210864573717,0.130008965731,0.13704392314,-0.3607647717,-0.264343112707,-0.171321392059,-0.106698326766,-0.13431841135,-0.116194166243,-0.305785357952,-0.266466200352,0.225996240973,-0.238731011748,0.319453954697,0.474326878786,-0.327369332314,-0.027825044468,0.271076023579,0.0232198219746,0.19002084434,-0.193243697286,0.124588228762,-0.0362736396492,-0.251509100199,0.212221026421,0.345407485962,-0.313651025295,-0.394896805286,-0.282329112291,0.106881968677,-0.0996650606394,-0.0822869762778,-0.150621175766,-0.287984162569,0.243523582816,-0.377027750015,-0.5122423172,-0.126921489835,-0.374851763248,0.298623889685,-0.0457578748465,0.449119836092,-0.00361671531573,-0.128253996372,0.0922250151634,-0.130292877555,-0.326979279518,-0.100218318403,-0.0311345160007,-0.138882622123,-0.0910939797759,-0.015430838801,0.17558568716,0.375032693148,0.338063776493,0.241453424096,-0.68403595686,-0.205765932798,0.275328218937,-0.377473264933,0.00771085359156,-0.355983376503,-0.664500415325,0.234412580729,0.00605037575588,0.258346498013,-0.162549376488,0.196724116802,0.0463109798729,0.0949606448412,-0.0577042400837,-0.0634882301092,0.365259826183,0.0889844223857,0.0712120682001,-0.283014923334,-0.0425549596548,-0.180778756738,0.354232043028,0.197475850582,-0.553027272224,-0.0295349434018,-0.298138797283,-0.110354289412,0.209551528096,0.284815609455,-0.0671256557107,-0.276896297932,0.0800109431148,0.125690534711,0.419288009405,0.401792526245,-0.391832143068,0.500073611736,-0.115086384118,0.158284217119,0.0304290670902,0.317177414894,0.308347314596,0.0847776979208,0.100231491029,0.380630612373,-0.562304615974,-0.214803650975,-0.0551508627832,-0.330857098103,-0.277995973825,0.0392731875181,-0.461852401495,-0.184526056051,0.037038449198,0.00344914174639,-0.573676288128,0.342865109444,0.35835108161,0.604766070843,-0.222057029605,0.355931758881,0.0320119261742,-0.0326320081949,0.22896592319,-0.125551179051,-0.196281060576,-0.122738882899,0.225776076317,-0.0762669220567,0.257775098085,-0.110559247434,0.0340128690004,-0.332985371351,-0.152265012264,-0.249914824963,-0.600751698017,-0.0244004894048,-0.158394053578,0.343266099691,0.276730597019,-0.235098049045,-0.0928892046213,0.146413102746,0.299866884947,0.135953634977,0.0560612343252,-0.191030263901,0.0130494814366,-0.157861188054
16,0.172732323408,0.439594507217,-0.0774831920862,-0.23726952076,0.341264545918,0.1900036484,0.416210621595,0.0286482200027,0.212326347828,-0.260014206171,-0.147148296237,-0.22527243197,-0.0529657937586,-0.502888679504,0.108296632767,-0.0690944939852,-0.249653533101,-0.214864432812,-0.336776554585,-0.338413178921,-0.252121776342,0.298252671957,0.561875998974,0.452956110239,-0.0816480964422,-0.296836495399,0.0378748625517,-0.170683309436,0.480780959129,0.0980758145452,0.0024039845448,0.371397674084,-0.413402140141,0.418029606342,-0.276751220226,0.418017357588,0.256491929293,0.163781523705,0.21799570322,-0.506482064724,-0.00975896138698,-0.225723698735,-0.259508579969,0.379943966866,0.126353532076,-0.192245751619,0.262281417847,0.221127301455,0.0853936672211,-0.00864171050489,0.0358564183116,0.0373992361128,0.10343914479,0.052453301847,-0.217665404081,0.133678495884,0.14127625525,-0.371512115002,-0.272341668606,-0.176231116056,-0.109872609377,-0.138752162457,-0.119605451822,-0.313577950001,-0.273201167583,0.231971666217,-0.24713280797,0.329228579998,0.487743228674,-0.3371116817,-0.0287682116032,0.278526365757,0.0237206220627,0.19501388073,-0.199328422546,0.12761478126,-0.0364427193999,-0.260237693787,0.217171370983,0.3553378582,-0.321997135878,-0.406223505735,-0.290165692568,0.110557541251,-0.102118805051,-0.0852335169911,-0.154036402702,-0.296716868877,0.25089135766,-0.387773513794,-0.526777803898,-0.130297377706,-0.385580807924,0.306960344315,-0.0471074171364,0.462670624256,-0.0031825916376,-0.131757512689,0.094645306468,-0.133428260684,-0.337257802486,-0.102465592325,-0.031716004014,-0.143294930458,-0.0930714979768,-0.0161525178701,0.179779067636,0.386289358139,0.347776472569,0.247858092189,-0.70431137085,-0.210977181792,0.285406708717,-0.388683527708,0.00801479909569,-0.366226136684,-0.683710932732,0.241153523326,0.00645805662498,0.266184151173,-0.166805654764,0.201896056533,0.0478364676237,0.0971535593271,-0.0587707087398,-0.0646447986364,0.375020205975,0.0919360667467,0.0726271644235,-0.291201859713,-0.0432103425264,-0.186407893896,0.364648252726,0.203013792634,-0.569349229336,-0.0303775090724,-0.305618137121,-0.113437369466,0.215664878488,0.293309390545,-0.0695011392236,-0.284948945045,0.0832581371069,0.1293849051,0.432041019201,0.413383603096,-0.402974158525,0.515053093433,-0.117642693222,0.163320586085,0.0317908227444,0.326255947351,0.317148923874,0.0877154320478,0.102875456214,0.390679746866,-0.578816652298,-0.220876887441,-0.0567860044539,-0.340245336294,-0.285841614008,0.0401569530368,-0.475372254848,-0.190670639277,0.0373648777604,0.00356948678382,-0.589668571949,0.352093100548,0.369018435478,0.622541189194,-0.228691458702,0.366522669792,0.0329414196312,-0.0326239019632,0.236341357231,-0.128116428852,-0.202005594969,-0.125707060099,0.232503280044,-0.0790334269404,0.265221238136,-0.113456211984,0.0349957197905,-0.341573536396,-0.157406195998,-0.257327735424,-0.618027210236,-0.0259455665946,-0.163032889366,0.353705048561,0.283973038197,-0.241416037083,-0.0962544381618,0.150513797998,0.308693379164,0.140375852585,0.0582365952432,-0.196961253881,0.0134555296972,-0.162094965577
17,0.178177788854,0.450587511063,-0.0793082565069,-0.24301160872,0.350087970495,0.194857418537,0.426601052284,0.028715915978,0.218010619283,-0.266944468021,-0.150801599026,-0.231259226799,-0.0547958016396,-0.51542031765,0.111152328551,-0.070613861084,-0.256804317236,-0.220643252134,-0.345593482256,-0.347206801176,-0.25880753994,0.306309133768,0.577066600323,0.465062826872,-0.0836360529065,-0.304563552141,0.038899756968,-0.1752358675,0.493326812983,0.100424580276,0.0022673108615,0.381163626909,-0.424047470093,0.428906351328,-0.283897846937,0.429697543383,0.263276964426,0.168037965894,0.22395862639,-0.519346415997,-0.00984715577215,-0.231367886066,-0.266974210739,0.389732897282,0.129806280136,-0.197599411011,0.269060075283,0.227300092578,0.0878581702709,-0.0090258512646,0.0364930070937,0.0382826924324,0.106040678918,0.053153436631,-0.222689762712,0.137306407094,0.144528135657,-0.381352156401,-0.278903245926,-0.181418091059,-0.112397916615,-0.142343536019,-0.122375547886,-0.321484267712,-0.280168354511,0.238438650966,-0.25354334712,0.337424129248,0.500564575195,-0.345917284489,-0.0300299972296,0.285807430744,0.0239490959793,0.200363606215,-0.203963190317,0.130985736847,-0.0374312922359,-0.266321897507,0.222374647856,0.364875584841,-0.330427676439,-0.416739463806,-0.2977206707,0.11349607259,-0.104773499072,-0.0871916487813,-0.157574355602,-0.304504007101,0.257371038198,-0.398110985756,-0.54055505991,-0.134085074067,-0.395481079817,0.314997315407,-0.0482597351074,0.474977076054,-0.00351313548163,-0.135060921311,0.0974674522877,-0.137179285288,-0.346873015165,-0.105089478195,-0.0324186235666,-0.146691814065,-0.0956944823265,-0.0168221276253,0.184304922819,0.395675390959,0.356869578362,0.254077017307,-0.722658038139,-0.216774716973,0.292949020863,-0.3989174366,0.00831557437778,-0.375474154949,-0.701779186726,0.247175559402,0.00677346717566,0.272980511189,-0.171111315489,0.206463426352,0.0494127757847,0.0997781828046,-0.0604322142899,-0.0662085413933,0.385113596916,0.0942604243755,0.0745345279574,-0.298257917166,-0.0441059805453,-0.191099017859,0.374514818192,0.207864329219,-0.584802269936,-0.0308193191886,-0.313025653362,-0.116090469062,0.220927715302,0.30116212368,-0.0718206614256,-0.29230260849,0.0852496400476,0.133026883006,0.442985832691,0.423994123936,-0.413540452719,0.528567433357,-0.120992168784,0.168003290892,0.0319746099412,0.334721028805,0.325519025326,0.089834779501,0.105797700584,0.401185005903,-0.593509614468,-0.226418852806,-0.0578363463283,-0.349342435598,-0.293223321438,0.0409662611783,-0.488282084465,-0.195551708341,0.0383455082774,0.00397239811718,-0.60523635149,0.361956626177,0.377860426903,0.639221429825,-0.23470929265,0.375943630934,0.0337011367083,-0.0337369777262,0.243224158883,-0.131148070097,-0.207410797477,-0.129111841321,0.238408148289,-0.0813368931413,0.272220730782,-0.116386637092,0.0363260507584,-0.349672138691,-0.161482959986,-0.263840585947,-0.634147405624,-0.026906453073,-0.166821733117,0.363169133663,0.291457861662,-0.247715368867,-0.0990658178926,0.15477244556,0.316760390997,0.143827274442,0.059094209224,-0.202062681317,0.0142152598128,-0.166297078133
18,0.179498121142,0.45493131876,-0.0805429592729,-0.245573654771,0.352467805147,0.197197631001,0.430477678776,0.0286148115993,0.21976429224,-0.268794536591,-0.151883244514,-0.233916953206,-0.0549474805593,-0.52015632391,0.111740291119,-0.0711397901177,-0.258618324995,-0.221730187535,-0.348850309849,-0.349868178368,-0.261126965284,0.308679282665,0.581681728363,0.469252645969,-0.0840186849236,-0.30693167448,0.0391846522689,-0.176610305905,0.496809601784,0.101185448468,0.00245599402115,0.384878665209,-0.427410334349,0.432276725769,-0.286083161831,0.43300563097,0.265438884497,0.16961915791,0.225917592645,-0.524434566498,-0.0103564774618,-0.233161091805,-0.269137620926,0.392999738455,0.131243854761,-0.199496045709,0.27153646946,0.229282110929,0.0887267440557,-0.00892528146505,0.0369722731411,0.0383940078318,0.106680765748,0.0533309429884,-0.224796980619,0.138475418091,0.146076306701,-0.384694337845,-0.281732589006,-0.182889178395,-0.113392062485,-0.143114700913,-0.123551309109,-0.324360281229,-0.282572031021,0.239763319492,-0.255778193474,0.340657651424,0.505048573017,-0.348701357841,-0.0305627435446,0.288558870554,0.0240666661412,0.202704340219,-0.206590101123,0.132094040513,-0.0378239899874,-0.268691033125,0.225316286087,0.367986261845,-0.333298563957,-0.419918596745,-0.30041846633,0.1146954,-0.105588898063,-0.0878258869052,-0.159734576941,-0.307718932629,0.259591728449,-0.401651352644,-0.545739650726,-0.135367065668,-0.398850053549,0.318131566048,-0.0482779853046,0.478613376617,-0.00331144989468,-0.135675922036,0.0979881286621,-0.138392731547,-0.349379241467,-0.10535826534,-0.0325675457716,-0.148792088032,-0.0964071005583,-0.0168109666556,0.185481876135,0.399451851845,0.359914004803,0.256734609604,-0.729130744934,-0.21906401217,0.295136898756,-0.402207762003,0.008929268457,-0.378881275654,-0.708537936211,0.249294817448,0.00647259037942,0.275775253773,-0.172611758113,0.208962246776,0.050179105252,0.101019620895,-0.0608544647694,-0.0670127943158,0.388290703297,0.0950112491846,0.0755361691117,-0.301162451506,-0.0439306087792,-0.192284673452,0.377400040627,0.20971699059,-0.589811503887,-0.0312225464731,-0.316153764725,-0.117600381374,0.222538530827,0.303236573935,-0.0716430768371,-0.294486820698,0.0853654295206,0.134253695607,0.446465522051,0.427836924791,-0.417400360107,0.533547639847,-0.121914476156,0.169114992023,0.032107885927,0.33777743578,0.328222125769,0.0905184820294,0.106911852956,0.405172288418,-0.59874355793,-0.228967383504,-0.0583209954202,-0.352061331272,-0.296001255512,0.0414164252579,-0.492725372314,-0.197463154793,0.0383321493864,0.00384044018574,-0.610065221786,0.365078300238,0.381725996733,0.644507825375,-0.237044215202,0.378694146872,0.0341985560954,-0.034286107868,0.245077833533,-0.131690397859,-0.208985492587,-0.130372032523,0.240853205323,-0.0820470228791,0.274274557829,-0.11730170995,0.0363206602633,-0.353191286325,-0.162165001035,-0.266205012798,-0.639755129814,-0.0268419291824,-0.168434932828,0.366184651852,0.293652117252,-0.250397324562,-0.0996642410755,0.156169727445,0.319520384073,0.145249068737,0.0597436986864,-0.203487187624,0.0140339089558,-0.167756125331
19,0.165008336306,0.419697344303,-0.0742469653487,-0.226305305958,0.325672358274,0.181510284543,0.397679805756,0.0276463720948,0.20298704505,-0.248191103339,-0.140299975872,-0.215393900871,-0.0506600998342,-0.480012148619,0.103398770094,-0.0659983605146,-0.238431826234,-0.204660668969,-0.321234732866,-0.32233864069,-0.240735426545,0.284743666649,0.53632247448,0.432085216045,-0.0781403779984,-0.283566117287,0.0360442586243,-0.163319945335,0.458761155605,0.0935170650482,0.00231429049745,0.354915350676,-0.394576370716,0.399094700813,-0.263924062252,0.398799955845,0.245017960668,0.156444624066,0.208101168275,-0.483263134956,-0.00976583361626,-0.215262368321,-0.247514560819,0.362779259682,0.120491102338,-0.183716014028,0.250228852034,0.211194172502,0.0820042043924,-0.00819748919457,0.0344036407769,0.0355087034404,0.0991478413343,0.0497467666864,-0.207307592034,0.127598822117,0.134881660342,-0.354909420013,-0.259756714106,-0.168405219913,-0.104518897831,-0.13271702826,-0.114054895937,-0.299735784531,-0.261188656092,0.22163926065,-0.23562310636,0.314055174589,0.465437799692,-0.321993976831,-0.0276906248182,0.266026586294,0.0227524209768,0.186536058784,-0.189692676067,0.122563049197,-0.0349693335593,-0.248454481363,0.207333952188,0.339332908392,-0.307835131884,-0.387629926205,-0.277094811201,0.105600342155,-0.0974238142371,-0.0809003263712,-0.147295758128,-0.283047497272,0.239357888699,-0.370386242867,-0.502879977226,-0.124817468226,-0.368365705013,0.293189287186,-0.0446822494268,0.441945970058,-0.00318003701977,-0.125798523426,0.0899973139167,-0.127882868052,-0.321331739426,-0.0980492457747,-0.0300000924617,-0.136444449425,-0.0888683721423,-0.0150565933436,0.171537607908,0.368609696627,0.332337200642,0.236957356334,-0.672176659107,-0.201668098569,0.272303462029,-0.371335893869,0.00762763991952,-0.349680274725,-0.65282356739,0.230149850249,0.00577127374709,0.254186242819,-0.159052103758,0.192711144686,0.0455352552235,0.0931569561362,-0.0560058876872,-0.0621227547526,0.35801410675,0.0877400413156,0.0694667473435,-0.278291583061,-0.0418925620615,-0.177513927221,0.348276227713,0.194156140089,-0.543490946293,-0.029005933553,-0.292036443949,-0.108540773392,0.205991223454,0.279707372189,-0.0663399472833,-0.272265851498,0.0787637457252,0.123619414866,0.412326961756,0.394690871239,-0.384952008724,0.4916215837,-0.112928658724,0.155781760812,0.0300498325378,0.311709702015,0.302788674831,0.0835476145148,0.0982357338071,0.373010247946,-0.552834033966,-0.21102412045,-0.0538531728089,-0.324760288,-0.27294203639,0.0384054407477,-0.453705787659,-0.181672081351,0.0357066579163,0.00322653586045,-0.562944710255,0.336394757032,0.351947844028,0.59378272295,-0.218470603228,0.349620878696,0.0315266363323,-0.0317512303591,0.225694268942,-0.121808737516,-0.192492201924,-0.120268277824,0.22213152051,-0.0754148364067,0.253018736839,-0.108538426459,0.0334844477475,-0.325964599848,-0.149701073766,-0.245638087392,-0.590372920036,-0.0244893245399,-0.155635774136,0.33816921711,0.270864546299,-0.230988770723,-0.0920477733016,0.144010305405,0.294691860676,0.133356630802,0.0554809197783,-0.187972292304,0.0133016081527,-0.155265808105
